case,t_hours,T,sigma,f1
A fast ramp,2.0000,303.1500,-2.106566e+05,2.45346751
A fast ramp,4.0000,303.1500,-1.699264e+05,2.70620187
A fast ramp,6.0000,303.1500,-1.510244e+05,2.80625969
A fast ramp,8.0000,303.1500,-1.376964e+05,2.88323452
A fast ramp,10.0000,303.1500,-1.280227e+05,2.93297599
A fast ramp,12.0000,303.1500,-1.208687e+05,2.98044528
A fast ramp,14.0000,303.1500,-1.154640e+05,3.00259447
A fast ramp,16.0000,303.1500,-1.112815e+05,3.02491299
A fast ramp,18.0000,303.1500,-1.079593e+05,3.04663967
A fast ramp,20.0000,303.1500,-1.052483e+05,3.05762205
A fast ramp,22.0000,303.1500,-1.029763e+05,3.06831955
A fast ramp,24.0000,303.1500,-1.010236e+05,3.07860928
A fast ramp,26.0000,303.1500,-9.930703e+04,3.08889796
A fast ramp,28.0000,303.1500,-9.776806e+04,3.09943420
A fast ramp,30.0000,303.1500,-9.636558e+04,3.09943420
A fast ramp,32.0000,303.1500,-9.507036e+04,3.10971540
A fast ramp,34.0000,303.1500,-9.386150e+04,3.12008201
A fast ramp,36.0000,303.1500,-9.272388e+04,3.12008201
A fast ramp,38.0000,303.1500,-9.164644e+04,3.13022393
A fast ramp,40.0000,303.1500,-9.062099e+04,3.13022393
A fast ramp,42.0000,303.1500,-8.964134e+04,3.14042519
A fast ramp,44.0000,303.1500,-8.870275e+04,3.14042519
A fast ramp,46.0000,303.1500,-8.780150e+04,3.15063107
A fast ramp,48.0000,303.1500,-8.693462e+04,3.15063107
A fast ramp,50.0000,303.1500,-8.609967e+04,3.15063107
A fast ramp,52.0000,303.1500,-8.529460e+04,3.16077433
A fast ramp,54.0000,303.1500,-8.451767e+04,3.16077433
A fast ramp,56.0000,303.1500,-8.376737e+04,3.17077885
A fast ramp,58.0000,303.1500,-8.304233e+04,3.17077885
A fast ramp,60.0000,303.1500,-8.234136e+04,3.17077885
A fast ramp,62.0000,303.1500,-8.166333e+04,3.18073330
A fast ramp,64.0000,303.1500,-8.100724e+04,3.18073330
A fast ramp,66.0000,303.1500,-8.037214e+04,3.18073330
A fast ramp,68.0000,303.1500,-7.975714e+04,3.19066681
A fast ramp,70.0000,303.1500,-7.916142e+04,3.19066681
A fast ramp,72.0000,303.1500,-7.858419e+04,3.19066681
A fast ramp,74.0000,303.1500,-7.802472e+04,3.19066681
A fast ramp,76.0000,303.1500,-7.748231e+04,3.20056245
A fast ramp,78.0000,303.1500,-7.695629e+04,3.20056245
A fast ramp,80.0000,303.1500,-7.644603e+04,3.20056245
A fast ramp,82.0000,303.1500,-7.595092e+04,3.20056245
A fast ramp,84.0000,303.1500,-7.547039e+04,3.21048726
A fast ramp,86.0000,303.1500,-7.500388e+04,3.21048726
A fast ramp,88.0000,303.1500,-7.455088e+04,3.21048726
A fast ramp,90.0000,303.1500,-7.411089e+04,3.21048726
A fast ramp,92.0000,303.1500,-7.368341e+04,3.22032330
A fast ramp,94.0000,303.1500,-7.326800e+04,3.22032330
A fast ramp,96.0000,303.1500,-7.286422e+04,3.22032330
A fast ramp,98.0000,303.1500,-7.247164e+04,3.22032330
A fast ramp,100.0000,303.1500,-7.208986e+04,3.22032330
A fast ramp,102.0000,303.1500,-7.171849e+04,3.23012526
A fast ramp,104.0000,303.1500,-7.135717e+04,3.23012526
A fast ramp,106.0000,303.1500,-7.100554e+04,3.23012526
A fast ramp,108.0000,303.1500,-7.066327e+04,3.23012526
A fast ramp,110.0000,303.1500,-7.033001e+04,3.23012526
A fast ramp,112.0000,303.1500,-7.000547e+04,3.23012526
A fast ramp,114.0000,303.1500,-6.968934e+04,3.23984950
A fast ramp,116.0000,303.1500,-6.938134e+04,3.23984950
A fast ramp,118.0000,303.1500,-6.908118e+04,3.23984950
A fast ramp,120.0000,303.1500,-6.878861e+04,3.23984950
A fast ramp,122.0000,303.1500,-6.850336e+04,3.23984950
A fast ramp,124.0000,303.1500,-6.822519e+04,3.23984950
A fast ramp,126.0000,303.1500,-6.795387e+04,3.23984950
A fast ramp,128.0000,303.1500,-6.768917e+04,3.24957684
A fast ramp,130.0000,303.1500,-6.743087e+04,3.24957684
A fast ramp,132.0000,303.1500,-6.717876e+04,3.24957684
A fast ramp,134.0000,303.1500,-6.693265e+04,3.24957684
A fast ramp,136.0000,303.1500,-6.669233e+04,3.24957684
A fast ramp,138.0000,303.1500,-6.645763e+04,3.24957684
A fast ramp,140.0000,303.1500,-6.622836e+04,3.24957684
A fast ramp,142.0000,303.1500,-6.600436e+04,3.24957684
A fast ramp,144.0000,303.1500,-6.578545e+04,3.24957684
A fast ramp,146.0000,303.1500,-6.557147e+04,3.25927220
A fast ramp,148.0000,303.1500,-6.536228e+04,3.25927220
A fast ramp,150.0000,303.1500,-6.515772e+04,3.25927220
A fast ramp,152.0000,303.1500,-6.495765e+04,3.25927220
A fast ramp,154.0000,303.1500,-6.476193e+04,3.25927220
A fast ramp,156.0000,303.1500,-6.457043e+04,3.25927220
A fast ramp,158.0000,303.1500,-6.438303e+04,3.25927220
A fast ramp,160.0000,303.1500,-6.419959e+04,3.25927220
A fast ramp,162.0000,303.1500,-6.402001e+04,3.25927220
A fast ramp,164.0000,303.1500,-6.384416e+04,3.25927220
A fast ramp,166.0000,303.1500,-6.367194e+04,3.26892832
A fast ramp,168.0000,303.1500,-6.350324e+04,3.26892832
A fast ramp,170.0000,303.1500,-6.333795e+04,3.26892832
A fast ramp,172.0000,303.1500,-6.317598e+04,3.26892832
A fast ramp,174.0000,303.1500,-6.301723e+04,3.26892832
A fast ramp,176.0000,303.1500,-6.286161e+04,3.26892832
A fast ramp,178.0000,303.1500,-6.270903e+04,3.26892832
A fast ramp,180.0000,303.1500,-6.255940e+04,3.26892832
A fast ramp,182.0000,303.1500,-6.241264e+04,3.26892832
A fast ramp,184.0000,303.1500,-6.226867e+04,3.26892832
A fast ramp,186.0000,303.1500,-6.212741e+04,3.26892832
A fast ramp,188.0000,303.1500,-6.198878e+04,3.26892832
A fast ramp,190.0000,303.1500,-6.185272e+04,3.26892832
A fast ramp,192.0000,303.1500,-6.171915e+04,3.26892832
A fast ramp,194.0000,303.1500,-6.158800e+04,3.27853451
A fast ramp,196.0000,303.1500,-6.145921e+04,3.27853451
A fast ramp,198.0000,303.1500,-6.133272e+04,3.27853451
A fast ramp,200.0000,303.1500,-6.120846e+04,3.27853451
B slow ramp,2.0000,293.2500,-2.659974e+03,3.55182212
B slow ramp,4.0000,293.3500,-4.434454e+03,3.54282971
B slow ramp,6.0000,293.4500,-5.996820e+03,3.54282971
B slow ramp,8.0000,293.5500,-7.416716e+03,3.53382084
B slow ramp,10.0000,293.6500,-8.734512e+03,3.52494942
B slow ramp,12.0000,293.7500,-9.977732e+03,3.52494942
B slow ramp,14.0000,293.8500,-1.116534e+04,3.51605702
B slow ramp,16.0000,293.9500,-1.231050e+04,3.50699895
B slow ramp,18.0000,294.0500,-1.342240e+04,3.50699895
B slow ramp,20.0000,294.1500,-1.450754e+04,3.49790480
B slow ramp,22.0000,294.2500,-1.557055e+04,3.49790480
B slow ramp,24.0000,294.3500,-1.661479e+04,3.48891032
B slow ramp,26.0000,294.4500,-1.764272e+04,3.48891032
B slow ramp,28.0000,294.5500,-1.865621e+04,3.47994238
B slow ramp,30.0000,294.6500,-1.965667e+04,3.47994238
B slow ramp,32.0000,294.7500,-2.064520e+04,3.47073804
B slow ramp,34.0000,294.8500,-2.162271e+04,3.47073804
B slow ramp,36.0000,294.9500,-2.258992e+04,3.46172245
B slow ramp,38.0000,295.0500,-2.354747e+04,3.46172245
B slow ramp,40.0000,295.1500,-2.449587e+04,3.45265473
B slow ramp,42.0000,295.2500,-2.543562e+04,3.45265473
B slow ramp,44.0000,295.3500,-2.636712e+04,3.44352572
B slow ramp,46.0000,295.4500,-2.729075e+04,3.44352572
B slow ramp,48.0000,295.5500,-2.820687e+04,3.44352572
B slow ramp,50.0000,295.6500,-2.911580e+04,3.43432867
B slow ramp,52.0000,295.7500,-3.001784e+04,3.43432867
B slow ramp,54.0000,295.8500,-3.091327e+04,3.42505796
B slow ramp,56.0000,295.9500,-3.180236e+04,3.42505796
B slow ramp,58.0000,296.0500,-3.268536e+04,3.41591048
B slow ramp,60.0000,296.1500,-3.356251e+04,3.41591048
B slow ramp,62.0000,296.2500,-3.443404e+04,3.40667452
B slow ramp,64.0000,296.3500,-3.530015e+04,3.40667452
B slow ramp,66.0000,296.4500,-3.616105e+04,3.40667452
B slow ramp,68.0000,296.5500,-3.701695e+04,3.39734587
B slow ramp,70.0000,296.6500,-3.786801e+04,3.39734587
B slow ramp,72.0000,296.7500,-3.871443e+04,3.38811565
B slow ramp,74.0000,296.8500,-3.955636e+04,3.38811565
B slow ramp,76.0000,296.9500,-4.039398e+04,3.38811565
B slow ramp,78.0000,297.0500,-4.122743e+04,3.37878046
B slow ramp,80.0000,297.1500,-4.205686e+04,3.37878046
B slow ramp,82.0000,297.2500,-4.288242e+04,3.36933642
B slow ramp,84.0000,297.3500,-4.370424e+04,3.36933642
B slow ramp,86.0000,297.4500,-4.452245e+04,3.35996996
B slow ramp,88.0000,297.5500,-4.533717e+04,3.35996996
B slow ramp,90.0000,297.6500,-4.614852e+04,3.35996996
B slow ramp,92.0000,297.7500,-4.695662e+04,3.35048391
B slow ramp,94.0000,297.8500,-4.776157e+04,3.35048391
B slow ramp,96.0000,297.9500,-4.856349e+04,3.34106244
B slow ramp,98.0000,298.0500,-4.936246e+04,3.34106244
B slow ramp,100.0000,298.1500,-5.015859e+04,3.34106244
B slow ramp,102.0000,298.2500,-5.095197e+04,3.33151177
B slow ramp,104.0000,298.3500,-5.174268e+04,3.33151177
B slow ramp,106.0000,298.4500,-5.253082e+04,3.33151177
B slow ramp,108.0000,298.5500,-5.331646e+04,3.32201423
B slow ramp,110.0000,298.6500,-5.409969e+04,3.32201423
B slow ramp,112.0000,298.7500,-5.488057e+04,3.31237884
B slow ramp,114.0000,298.8500,-5.565918e+04,3.31237884
B slow ramp,116.0000,298.9500,-5.643559e+04,3.31237884
B slow ramp,118.0000,299.0500,-5.720987e+04,3.30278647
B slow ramp,120.0000,299.1500,-5.798209e+04,3.30278647
B slow ramp,122.0000,299.2500,-5.875229e+04,3.29323182
B slow ramp,124.0000,299.3500,-5.952055e+04,3.29323182
B slow ramp,126.0000,299.4500,-6.028692e+04,3.29323182
B slow ramp,128.0000,299.5500,-6.105145e+04,3.28352722
B slow ramp,130.0000,299.6500,-6.181421e+04,3.28352722
B slow ramp,132.0000,299.7500,-6.257523e+04,3.28352722
B slow ramp,134.0000,299.8500,-6.333458e+04,3.27385212
B slow ramp,136.0000,299.9500,-6.409229e+04,3.27385212
B slow ramp,138.0000,300.0500,-6.484842e+04,3.26420228
B slow ramp,140.0000,300.1500,-6.560300e+04,3.26420228
B slow ramp,142.0000,300.2500,-6.635608e+04,3.26420228
B slow ramp,144.0000,300.3500,-6.710771e+04,3.25439235
B slow ramp,146.0000,300.4500,-6.785792e+04,3.25439235
B slow ramp,148.0000,300.5500,-6.860674e+04,3.25439235
B slow ramp,150.0000,300.6500,-6.935422e+04,3.24460089
B slow ramp,152.0000,300.7500,-7.010040e+04,3.24460089
B slow ramp,154.0000,300.8500,-7.084529e+04,3.23482448
B slow ramp,156.0000,300.9500,-7.158895e+04,3.23482448
B slow ramp,158.0000,301.0500,-7.233140e+04,3.23482448
B slow ramp,160.0000,301.1500,-7.307268e+04,3.22505999
B slow ramp,162.0000,301.2500,-7.381280e+04,3.22505999
B slow ramp,164.0000,301.3500,-7.455181e+04,3.22505999
B slow ramp,166.0000,301.4500,-7.528973e+04,3.21512394
B slow ramp,168.0000,301.5500,-7.602658e+04,3.21512394
B slow ramp,170.0000,301.6500,-7.676240e+04,3.21512394
B slow ramp,172.0000,301.7500,-7.749720e+04,3.20519447
B slow ramp,174.0000,301.8500,-7.823102e+04,3.20519447
B slow ramp,176.0000,301.9500,-7.896387e+04,3.19526899
B slow ramp,178.0000,302.0500,-7.969579e+04,3.19526899
B slow ramp,180.0000,302.1500,-8.042678e+04,3.19526899
B slow ramp,182.0000,302.2500,-8.115688e+04,3.18534511
B slow ramp,184.0000,302.3500,-8.188610e+04,3.18534511
B slow ramp,186.0000,302.4500,-8.261447e+04,3.18534511
B slow ramp,188.0000,302.5500,-8.334200e+04,3.17542063
B slow ramp,190.0000,302.6500,-8.406871e+04,3.17542063
B slow ramp,192.0000,302.7500,-8.479462e+04,3.17542063
B slow ramp,194.0000,302.8500,-8.551976e+04,3.16531298
B slow ramp,196.0000,302.9500,-8.624412e+04,3.16531298
B slow ramp,198.0000,303.0500,-8.696775e+04,3.15520058
B slow ramp,200.0000,303.1500,-8.769064e+04,3.15520058
C up-down-up,2.0000,293.4530,-8.060502e+03,3.53206586
C up-down-up,4.0000,293.7561,-1.343766e+04,3.50372053
C up-down-up,6.0000,294.0591,-1.817202e+04,3.48437287
C up-down-up,8.0000,294.3621,-2.247462e+04,3.46564157
C up-down-up,10.0000,294.6652,-2.646781e+04,3.44639011
C up-down-up,12.0000,294.9682,-3.023499e+04,3.42738672
C up-down-up,14.0000,295.2712,-3.383363e+04,3.41822011
C up-down-up,16.0000,295.5742,-3.730361e+04,3.39880393
C up-down-up,18.0000,295.8773,-4.067280e+04,3.37999809
C up-down-up,20.0000,296.1803,-4.396088e+04,3.37000644
C up-down-up,22.0000,296.4833,-4.718189e+04,3.35034377
C up-down-up,24.0000,296.7864,-5.034601e+04,3.34064562
C up-down-up,26.0000,297.0894,-5.346071e+04,3.32146563
C up-down-up,28.0000,297.3924,-5.653161e+04,3.31196889
C up-down-up,30.0000,297.6955,-5.956300e+04,3.29169253
C up-down-up,32.0000,297.9985,-6.255826e+04,3.28163495
C up-down-up,34.0000,298.3015,-6.552008e+04,3.26165969
C up-down-up,36.0000,298.6045,-6.845071e+04,3.25173517
C up-down-up,38.0000,298.9076,-7.135201e+04,3.23199817
C up-down-up,40.0000,299.2106,-7.422562e+04,3.22218091
C up-down-up,42.0000,299.5136,-7.707295e+04,3.21239496
C up-down-up,44.0000,299.8167,-7.989527e+04,3.19152175
C up-down-up,46.0000,300.1197,-8.269376e+04,3.18113044
C up-down-up,48.0000,300.4227,-8.546945e+04,3.17076671
C up-down-up,50.0000,300.7258,-8.822334e+04,3.15011483
C up-down-up,52.0000,301.0288,-9.095634e+04,3.13982331
C up-down-up,54.0000,301.3318,-9.366930e+04,3.12955259
C up-down-up,56.0000,301.6348,-9.636303e+04,3.10906754
C up-down-up,58.0000,301.9379,-9.903829e+04,3.09885031
C up-down-up,60.0000,302.2409,-1.016958e+05,3.08796847
C up-down-up,62.0000,302.5439,-1.043362e+05,3.07710210
C up-down-up,64.0000,302.8470,-1.069603e+05,3.05540956
C up-down-up,66.0000,303.1500,-1.095685e+05,3.04458039
C up-down-up,68.0000,302.8470,-9.502464e+04,3.10682815
C up-down-up,70.0000,302.5439,-8.631687e+04,3.15224616
C up-down-up,72.0000,302.2409,-7.888513e+04,3.18638624
C up-down-up,74.0000,301.9379,-7.229207e+04,3.21812863
C up-down-up,76.0000,301.6348,-6.632776e+04,3.24938139
C up-down-up,78.0000,301.3318,-6.084239e+04,3.28016164
C up-down-up,80.0000,301.0288,-5.572589e+04,3.29994326
C up-down-up,82.0000,300.7258,-5.089694e+04,3.32093695
C up-down-up,84.0000,300.4227,-4.629527e+04,3.35044585
C up-down-up,86.0000,300.1197,-4.187598e+04,3.37007738
C up-down-up,88.0000,299.8167,-3.760547e+04,3.38992706
C up-down-up,90.0000,299.5136,-3.345845e+04,3.40907333
C up-down-up,92.0000,299.2106,-2.941574e+04,3.42761886
C up-down-up,94.0000,298.9076,-2.546270e+04,3.44741857
C up-down-up,96.0000,298.6045,-2.158801e+04,3.45710739
C up-down-up,98.0000,298.3015,-1.778290e+04,3.47610405
C up-down-up,100.0000,297.9985,-1.404041e+04,3.49463668
C up-down-up,102.0000,297.6955,-1.035500e+04,3.51274830
C up-down-up,104.0000,297.3924,-6.722175e+03,3.53127047
C up-down-up,106.0000,297.0894,-3.138246e+03,3.54077752
C up-down-up,108.0000,296.7864,3.998849e+02,3.55948872
C up-down-up,110.0000,296.4833,3.894845e+03,3.57781860
C up-down-up,112.0000,296.1803,7.348902e+03,3.58684803
C up-down-up,114.0000,295.8773,1.076404e+04,3.60464909
C up-down-up,116.0000,295.5742,1.414204e+04,3.62212206
C up-down-up,118.0000,295.2712,1.748448e+04,3.63074089
C up-down-up,120.0000,294.9682,2.079281e+04,3.64915749
C up-down-up,122.0000,294.6652,2.406836e+04,3.65823816
C up-down-up,124.0000,294.3621,2.731236e+04,3.67615493
C up-down-up,126.0000,294.0591,3.052597e+04,3.68499504
C up-down-up,128.0000,293.7561,3.371026e+04,3.70244811
C up-down-up,130.0000,293.4530,3.686626e+04,3.71106463
C up-down-up,132.0000,293.1500,3.999492e+04,3.72808598
C up-down-up,134.0000,293.4441,2.533325e+04,3.67621834
C up-down-up,136.0000,293.7382,1.681976e+04,3.63860337
C up-down-up,138.0000,294.0324,9.607156e+03,3.61000741
C up-down-up,140.0000,294.3265,3.190219e+03,3.58145784
C up-down-up,142.0000,294.6206,-2.616942e+03,3.55426058
C up-down-up,144.0000,294.9147,-7.944472e+03,3.52586818
C up-down-up,146.0000,295.2088,-1.289188e+04,3.50711840
C up-down-up,148.0000,295.5029,-1.753598e+04,3.48824521
C up-down-up,150.0000,295.7971,-2.193623e+04,3.46921517
C up-down-up,152.0000,296.0912,-2.613880e+04,3.44998483
C up-down-up,154.0000,296.3853,-3.017958e+04,3.43141848
C up-down-up,156.0000,296.6794,-3.408661e+04,3.41161248
C up-down-up,158.0000,296.9735,-3.788182e+04,3.39232678
C up-down-up,160.0000,297.2676,-4.158247e+04,3.37346066
C up-down-up,162.0000,297.5618,-4.520216e+04,3.36415987
C up-down-up,164.0000,297.8559,-4.875168e+04,3.34412548
C up-down-up,166.0000,298.1500,-5.223964e+04,3.32439110
C up-down-up,168.0000,298.4441,-5.567293e+04,3.31461945
C up-down-up,170.0000,298.7382,-5.905714e+04,3.29524021
C up-down-up,172.0000,299.0324,-6.239681e+04,3.27525482
C up-down-up,174.0000,299.3265,-6.569565e+04,3.26493296
C up-down-up,176.0000,299.6206,-6.895675e+04,3.24441577
C up-down-up,178.0000,299.9147,-7.218270e+04,3.23421422
C up-down-up,180.0000,300.2088,-7.537568e+04,3.21391204
C up-down-up,182.0000,300.5029,-7.853755e+04,3.20380693
C up-down-up,184.0000,300.7971,-8.166994e+04,3.18367893
C up-down-up,186.0000,301.0912,-8.477425e+04,3.17365266
C up-down-up,188.0000,301.3853,-8.785174e+04,3.15366804
C up-down-up,190.0000,301.6794,-9.090351e+04,3.14294159
C up-down-up,192.0000,301.9735,-9.393058e+04,3.12155384
C up-down-up,194.0000,302.2676,-9.693386e+04,3.11088978
C up-down-up,196.0000,302.5618,-9.991420e+04,3.08961502
C up-down-up,198.0000,302.8559,-1.028724e+05,3.07900198
C up-down-up,200.0000,303.1500,-1.058091e+05,3.06840369
